{
  "auroc": 0.8380952380952381,
  "auprc": 0.86369975668245,
  "brier": 0.19930682013223472
}