{
  "metrics": {
    "logreg": {
      "auroc": 0.878,
      "auprc": 0.9022088575457852,
      "brier": 0.14982185052407404
    },
    "xgboost": {
      "auroc": 0.894,
      "auprc": 0.9165632091430794,
      "brier": 0.14366966350325142
    }
  },
  "best_model": "xgboost"
}