{
  "selection_rate_by_sex": {
    "0": 0.7857142857142857,
    "1": 0.5625
  },
  "tpr_by_sex": {
    "0": 0.9090909090909091,
    "1": 0.7857142857142857
  },
  "fpr_by_sex": {
    "0": 0.3333333333333333,
    "1": 0.3888888888888889
  },
  "dp_diff_sex": 0.2232142857142857,
  "dp_ratio_sex": 0.7159090909090909,
  "eo_diff_sex": 0.12337662337662336,
  "selection_rate_by_age": {
    "41-55": 0.6842105263157895,
    "56-70": 0.5217391304347826,
    "<=40": 1.0
  },
  "tpr_by_age": {
    "41-55": 0.8571428571428571,
    "56-70": 0.7142857142857143,
    "<=40": 1.0
  },
  "fpr_by_age": {
    "41-55": 0.2,
    "56-70": 0.4375,
    "<=40": 0.0
  }
}